kl_loss,loss,reconstruction_loss,val_kl_loss,val_loss,val_reconstruction_loss
0.0011640755692496896,374.7520751953125,374.7509460449219,0.0011753489961847663,374.7082824707031,374.70709228515625
0.0011836232151836157,374.45013427734375,374.4489440917969,0.0011933499481528997,374.70184326171875,374.70062255859375
0.0011997973779216409,374.44622802734375,374.4450378417969,0.0012106510112062097,374.7005615234375,374.6993408203125
0.0012148808455094695,374.5466003417969,374.5453796386719,0.0012204921804368496,374.89752197265625,374.89630126953125
0.0012215548194944859,374.49786376953125,374.49664306640625,0.0012271908344700933,374.7020568847656,374.7008361816406
0.001230643829330802,374.44891357421875,374.44769287109375,0.0012366326991468668,374.75164794921875,374.7503662109375
0.0012378247920423746,374.5472106933594,374.54595947265625,0.001240655081346631,374.73291015625,374.73162841796875
0.001243022852577269,374.453369140625,374.4521179199219,0.0012475989060476422,374.7245788574219,374.72332763671875
