kl_loss,loss,reconstruction_loss,val_kl_loss,val_loss,val_reconstruction_loss
0.0012204257072880864,374.20294189453125,374.20172119140625,0.0012281392700970173,373.654296875,373.653076171875
0.0012341556139290333,373.919921875,373.918701171875,0.0012423639418557286,373.6437072753906,373.6424560546875
0.0012478011194616556,373.9185485839844,373.917236328125,0.0012554310960695148,373.679443359375,373.6781921386719
0.0012592647690325975,374.04534912109375,374.0440673828125,0.0012616438325494528,373.67926025390625,373.6780090332031
0.0012652467703446746,373.9263610839844,373.92510986328125,0.001270586857572198,373.6543884277344,373.6531066894531
0.001274589216336608,373.97698974609375,373.9756774902344,0.0012771447654813528,373.7655029296875,373.76422119140625
0.0012802326818928123,373.96142578125,373.9601745605469,0.0012835445813834667,373.67291259765625,373.671630859375
