kl_loss,loss,reconstruction_loss,val_kl_loss,val_loss,val_reconstruction_loss
0.00010716289398260415,374.827392578125,374.82733154296875,0.00010916259634541348,373.8218994140625,373.82177734375
0.0001100308436434716,373.77947998046875,373.77935791015625,0.00011131923383800313,373.82330322265625,373.82318115234375
0.0001123745969380252,373.77789306640625,373.77777099609375,0.00011390161671442911,373.8569641113281,373.8568420410156
0.0001151104224845767,374.0538330078125,374.0537109375,0.0001169861207017675,374.09326171875,374.0931396484375
0.000118404277600348,373.8408203125,373.8406982421875,0.00012005705502815545,373.8228759765625,373.82275390625
0.00012142305786255747,373.8728942871094,373.872802734375,0.00012388642062433064,374.1591796875,374.1590576171875
