kl_loss,loss,reconstruction_loss,val_kl_loss,val_loss,val_reconstruction_loss
0.001025856239721179,373.8578796386719,373.8568115234375,0.0010283837327733636,373.56524658203125,373.564208984375
0.0010314289247617126,373.5352478027344,373.5341796875,0.0010353628313168883,373.5604553222656,373.5594177246094
0.0010389499366283417,373.5303955078125,373.5293884277344,0.001044810051098466,373.555419921875,373.55438232421875
0.0010484609520062804,373.56744384765625,373.56640625,0.0010507057886570692,373.916015625,373.91497802734375
0.001052023028023541,373.65625,373.6552429199219,0.0010571549646556377,373.56243896484375,373.5613708496094
0.0010611998150125146,373.5310974121094,373.530029296875,0.0010660284897312522,373.5867614746094,373.585693359375
0.0010679528350010514,373.62933349609375,373.62823486328125,0.0010699172271415591,373.6268615722656,373.62579345703125
0.0010734318057075143,373.5621032714844,373.5610046386719,0.0010759453289210796,373.5792236328125,373.5781555175781
