kl_loss,loss,reconstruction_loss,val_kl_loss,val_loss,val_reconstruction_loss
0.00026097852969542146,375.30364990234375,375.30340576171875,0.0002670832327567041,374.83392333984375,374.8336181640625
0.0002696385490708053,374.8621826171875,374.8619384765625,0.0002733040601015091,374.8244323730469,374.82415771484375
0.0002759825438261032,374.910888671875,374.9106140136719,0.0002805179392453283,375.07244873046875,375.0721435546875
0.0002830919693224132,375.01947021484375,375.01922607421875,0.00028642616234719753,374.844482421875,374.8442077636719
0.0002887164882849902,374.8900146484375,374.8897705078125,0.0002931965282186866,374.95001220703125,374.94970703125
0.00029568574973382056,374.96051025390625,374.96014404296875,0.00029920789529569447,374.87078857421875,374.8704833984375
0.0003012552624568343,374.89910888671875,374.8987731933594,0.00030536032863892615,374.920166015625,374.91986083984375
